channel_id,channel_title,tag_hint
UCNJ1Ymd5yFuUPtn21xtRbbw,AI Explained,AI
UCKelCK4ZaO6HeEI1KQjqzWA,The AI Daily Brief: Artificial Intelligence News,AI
UC7BhHN8NyMMru2RUygnDXSg,Sciencephile the AI,AI
UCWZwfV3ICOt3uEPpW6hYK4g,AI Foundations,AI
UCHhYXsLBEVVnbvsq57n1MTQ,The AI Advantage,AI
UCdHpbfqjELZmhqY3k0ELGcQ,The Artificial Intelligence Show Podcast,AI
UCqXMJNqO4z0Yr1riWNwVUgA,あい。,AI
UCwSozl89jl2zUDzQ4jGJD3g,Skill Leap AI,AI
UC5l7RouTQ60oUjLjt1Nh-UQ,AI Revolution,AI
UCLKPca3kwwd-B59HNr-_lvA,AI Engineer,AI
UCiHQ27FMsGlGmkQBCihiw8w,AI,AI
UCX4fV50d398w_YSGgKwa51Q,AI,AI
UCgOlA46jYEIa_Pngtg05Mfw,ai video to,AI
UCthswjmVl-jWUPfGfV--jug,Nate Gold | $1M with AI,AI
UCKCK2lumiYpKfD1aEj4W5vg,Alieff Irfan,AI
UCF2C4IY1CwooG6UZg7z-Zpg,Modern Ai Mystic,AI
UCbhSQKQLW1b52_CGnroy8Ng,Menlo Park Lab | AI with Misbah,AI
UC0eKtJ0anbSqQMGdZqzKiSw,AI For The Culture - Topic,AI
UClBD0uGE11N1B2kQVk5PSwg,"AI, Marketing, and Automations",AI
UCJ3ukamFK2zUl9qCaPzyDHg,AI MindWave,AI
UCh0P7KwJhuQ4vrzc3IRuw4Q,Machine Learning & Simulation,machine learning
UChIaUcs3tho6XhyU6K6KMrw,Machine Learning TV,machine learning
UCiuhuf2Xq0d05_4sHG0xmQA,Intuitive Machine Learning,machine learning
UCZf_9SblvM8iTTkouFEcHtA,Marina Wyss - AI & Machine Learning,machine learning
UCU9ny7XPs7f2EEqZb1jHicg,Learn Machine Learning,machine learning
UCRY9Majo-SSWHUgQeIbdy4A,Machine Learning and Data Science made Easier,machine learning
UC-50f-ecFI3MgfP97wTQEJw,Introduction to Machine Learning,machine learning
UCG6I9juwubvHl1iQAhpYikw,Machine Learning from Scratch,machine learning
UCupmCsCA5CFXmm31PkUhEbA,Tübingen Machine Learning,machine learning
UC6qyO5J_rObFJewJWs89XRA,Machine Learning for Cyber Security,machine learning
UCjB3BSIizVCL7FwT3rhBtgg,Machine Learning Lessons,machine learning
UC3tExxdDT9plEIwKWfoCNNw,Splunk & Machine Learning,machine learning
UCSI7h9hydQ40K5MJHnCrQvw,"No Priors: AI, Machine Learning, Tech, & Startups",machine learning
UCzvfXLNpB2Bbf32dc7a8oDQ,Machine Learning Podcast,machine learning
UCXweTmAk9K-Uo9R6SmfGtjg,Machine Learning at Berkeley,machine learning
UCmpptkXu8iIFe6kfDK5o7VQ,Machine Learnia,machine learning
UC7R_DeWzwU4NcHBqZNw3RgQ,Machine Learning Learning,machine learning
UC5ESQEMKFwEAHCVq6WbtqMw,Machine Learning: A Signal Processing Perspective,machine learning
UCptb53j_TSEUt2XetRoKabw,Machine Learning and AI in Bioinformatics,machine learning
UCjMIJiz8aoicRZO8qDDzbYA,Data Engineering And Machine Learning Summit,machine learning
UCBJycsmduvYEL83R_U4JriQ,Marques Brownlee,tech review
UCujod9mxj1toyYCTNWZgDCg,Tech Review,tech review
UCpxrALte1P1uV8ohQQBG7Lw,Tech Review,tech review
UCW6J17hZ_Vgr6cQgd_kHt5A,MobileTechReview,tech review
UCZEwDkLSpfxx5G_0yI8HwPw,Bazillion TECH Review,tech review
UCWdby8DQ9aDSPnnJGWKh4vA,Type-C Tech Reviews,tech review
UCVpkyDqAlwdZeemeaIBh8qA,Game Tech Reviews,tech review
UCBKhdILeDie8iLkap216g7g,In Depth Tech Reviews,tech review
UCTfk7sLPslCKntFH9iHhHcw,Galaxy Tech Review,tech review
UCa8g_5cRhATCMNMI7xlLJzQ,Sulit Tech Reviews,tech review
UCmvUYgITYQ3BpLXpi6taRPQ,GH Tech Review,tech review
UC-v54XQalOcx5yco3aTixrg,Chigz Tech Reviews,tech review
UCud6FF4KHbBjBWejdIuUeeQ,Tech review,tech review
UChKGdIbjkDeXzSQaesq049w,Tech Review,tech review
UCczmdIzzqO09yyioXfoHfNw,Tech Review,tech review
UC5ECQ85hFCEma7NQJ1YliDw,DRAGON TECH REVIEW,tech review
UCYmp5a88AkenoFyAVp-k8mg,TECH REVIEW ,tech review
UCSELj-vmrCo_vBtYZO6Qe6A,Kris Tech Review,tech review
UC5uPA4Z1nwkxgoQ_WtFI9rg,Apollo Tech Review ,tech review
UCyeymOfFnv-wnTeLGB8ZZYg,Consumer Tech Review (High-Speed),tech review
UC3xZYc4SZUGfRERIvDRGqDQ,Skip the Tutorial,tutorial
UCtwaWPOXEBysZLh1rrPzwFw,SolidWorks Tutorial ☺,tutorial
UCqUOcvbIXinAezsVdExGuOQ,Easy Pencil Art Drawing Tutorials,tutorial
UCbwXnUipZsLfUckBPsC7Jog,Online Tutorials,tutorial
UCIAbHzXf2p8FbFCP1Q7fb4w,Tutorials Engineer ҂,tutorial
UCLp4feVX5jrcFUHxro7e-TA,Beginner Dance Tutorials,tutorial
UCjd_zIvYtQymk0dPx3vTJcA,CAD CAM TUTORIAL BY MAHTABALAM,tutorial
UCFeUhzdN15jFTuT-ZruAqVw,Insta360 Tutorials,tutorial
UCBuVA1pbhMpToJI_bZBzihw,Gavinski’s Tutorials,tutorial
UCsWpNdwxf0I3ffkedM505xA,RHINO TUTORIALS,tutorial
UC8O6B9XeAoG10cKUdYGC3YQ,The Meticulous Manicurist Nail Tutorials,tutorial
UCXV8h3I9pnfZuDpg6xEM_8w,Watch Repair Tutorials,tutorial
UCeVYU7iwesVUgV8qiwFRI2w,Film Sound Tutorials,tutorial
UCNO-7aDO0SEAvhj4lclJj-Q,CLP Tutorials,tutorial
UCAwuvzhah0KUw5QNihSkEwQ,Shutup & Play - Guitar Tutorials,tutorial
UC2azWG-2YzlQvqSxIW8xI5g,Fishing Tutorials,tutorial
UCYsTHt8NCi_J8-xpMe7fP5Q,Starter Tutorials,tutorial
UC55-4WZ65OG9e5EgNFVOwUA,Monster Tutorials,tutorial
UCBOs6624oqScw8PaU-Jzw9A,Data Tutorials,tutorial
UCpZxF2O5dgn0s-du2AnYGOA,Excel Tutorial,tutorial
